experiment_name,dataset,regime,seed,class_count,classes,shots_per_class,test_per_class,real_train_count,candidate_train_count,candidate_total,candidate_retained,accuracy,macro_f1
real_diffusion_manifest_utility_gate_sanity_check,procedural_real_plus_real_diffusion_manifest,real_only,0,5,red_square|green_circle|blue_x|yellow_triangle|purple_diamond,4,160,20,0,30,12,0.81,0.8067282653403673
real_diffusion_manifest_utility_gate_sanity_check,procedural_real_plus_real_diffusion_manifest,real_plus_ungated,0,5,red_square|green_circle|blue_x|yellow_triangle|purple_diamond,4,160,20,30,30,12,0.4775,0.42038089534432005
real_diffusion_manifest_utility_gate_sanity_check,procedural_real_plus_real_diffusion_manifest,real_plus_gated,0,5,red_square|green_circle|blue_x|yellow_triangle|purple_diamond,4,160,20,12,30,12,0.755,0.6834710525043204
real_diffusion_manifest_utility_gate_sanity_check,procedural_real_plus_real_diffusion_manifest,real_only,1,5,red_square|green_circle|blue_x|yellow_triangle|purple_diamond,4,160,20,0,30,12,0.66875,0.6734515963080522
real_diffusion_manifest_utility_gate_sanity_check,procedural_real_plus_real_diffusion_manifest,real_plus_ungated,1,5,red_square|green_circle|blue_x|yellow_triangle|purple_diamond,4,160,20,30,30,12,0.4475,0.38308119862488377
real_diffusion_manifest_utility_gate_sanity_check,procedural_real_plus_real_diffusion_manifest,real_plus_gated,1,5,red_square|green_circle|blue_x|yellow_triangle|purple_diamond,4,160,20,12,30,12,0.75375,0.6880532656958895
real_diffusion_manifest_utility_gate_sanity_check,procedural_real_plus_real_diffusion_manifest,real_only,2,5,red_square|green_circle|blue_x|yellow_triangle|purple_diamond,4,160,20,0,30,12,0.72125,0.7180609188814174
real_diffusion_manifest_utility_gate_sanity_check,procedural_real_plus_real_diffusion_manifest,real_plus_ungated,2,5,red_square|green_circle|blue_x|yellow_triangle|purple_diamond,4,160,20,30,30,12,0.47625,0.3872678418528852
real_diffusion_manifest_utility_gate_sanity_check,procedural_real_plus_real_diffusion_manifest,real_plus_gated,2,5,red_square|green_circle|blue_x|yellow_triangle|purple_diamond,4,160,20,12,30,12,0.75125,0.6800488916565374
