experiment_name,dataset,regime,seed,class_idx,class_name,precision,recall,f1,support
real_diffusion_manifest_utility_gate_sanity_check,procedural_real_plus_real_diffusion_manifest,real_only,0,0,red_square,0.813953488372093,0.875,0.8433734939759036,160
real_diffusion_manifest_utility_gate_sanity_check,procedural_real_plus_real_diffusion_manifest,real_only,0,1,green_circle,0.9365079365079365,0.7375,0.8251748251748251,160
real_diffusion_manifest_utility_gate_sanity_check,procedural_real_plus_real_diffusion_manifest,real_only,0,2,blue_x,0.7303921568627451,0.93125,0.8186813186813187,160
real_diffusion_manifest_utility_gate_sanity_check,procedural_real_plus_real_diffusion_manifest,real_only,0,3,yellow_triangle,0.7373737373737373,0.9125,0.8156424581005587,160
real_diffusion_manifest_utility_gate_sanity_check,procedural_real_plus_real_diffusion_manifest,real_only,0,4,purple_diamond,0.95,0.59375,0.7307692307692308,160
real_diffusion_manifest_utility_gate_sanity_check,procedural_real_plus_real_diffusion_manifest,real_plus_ungated,0,0,red_square,0.8171428571428572,0.89375,0.8537313432835821,160
real_diffusion_manifest_utility_gate_sanity_check,procedural_real_plus_real_diffusion_manifest,real_plus_ungated,0,1,green_circle,1.0,0.2,0.33333333333333337,160
real_diffusion_manifest_utility_gate_sanity_check,procedural_real_plus_real_diffusion_manifest,real_plus_ungated,0,2,blue_x,0.43209876543209874,0.21875,0.29045643153526973,160
real_diffusion_manifest_utility_gate_sanity_check,procedural_real_plus_real_diffusion_manifest,real_plus_ungated,0,3,yellow_triangle,0.32,1.0,0.48484848484848486,160
real_diffusion_manifest_utility_gate_sanity_check,procedural_real_plus_real_diffusion_manifest,real_plus_ungated,0,4,purple_diamond,1.0,0.075,0.13953488372093023,160
real_diffusion_manifest_utility_gate_sanity_check,procedural_real_plus_real_diffusion_manifest,real_plus_gated,0,0,red_square,0.85,0.95625,0.9000000000000001,160
real_diffusion_manifest_utility_gate_sanity_check,procedural_real_plus_real_diffusion_manifest,real_plus_gated,0,1,green_circle,0.9724137931034482,0.88125,0.9245901639344262,160
real_diffusion_manifest_utility_gate_sanity_check,procedural_real_plus_real_diffusion_manifest,real_plus_gated,0,2,blue_x,0.527027027027027,0.975,0.6842105263157895,160
real_diffusion_manifest_utility_gate_sanity_check,procedural_real_plus_real_diffusion_manifest,real_plus_gated,0,3,yellow_triangle,0.8603351955307262,0.9625,0.9085545722713865,160
real_diffusion_manifest_utility_gate_sanity_check,procedural_real_plus_real_diffusion_manifest,real_plus_gated,0,4,purple_diamond,0.0,0.0,0.0,160
real_diffusion_manifest_utility_gate_sanity_check,procedural_real_plus_real_diffusion_manifest,real_only,1,0,red_square,0.7246376811594203,0.625,0.6711409395973154,160
real_diffusion_manifest_utility_gate_sanity_check,procedural_real_plus_real_diffusion_manifest,real_only,1,1,green_circle,0.8907563025210085,0.6625,0.7598566308243727,160
real_diffusion_manifest_utility_gate_sanity_check,procedural_real_plus_real_diffusion_manifest,real_only,1,2,blue_x,0.5126050420168067,0.7625,0.6130653266331658,160
real_diffusion_manifest_utility_gate_sanity_check,procedural_real_plus_real_diffusion_manifest,real_only,1,3,yellow_triangle,0.7741935483870968,0.75,0.7619047619047619,160
real_diffusion_manifest_utility_gate_sanity_check,procedural_real_plus_real_diffusion_manifest,real_only,1,4,purple_diamond,0.58,0.54375,0.5612903225806452,160
real_diffusion_manifest_utility_gate_sanity_check,procedural_real_plus_real_diffusion_manifest,real_plus_ungated,1,0,red_square,0.9931972789115646,0.9125,0.9511400651465799,160
real_diffusion_manifest_utility_gate_sanity_check,procedural_real_plus_real_diffusion_manifest,real_plus_ungated,1,1,green_circle,1.0,0.09375,0.17142857142857143,160
real_diffusion_manifest_utility_gate_sanity_check,procedural_real_plus_real_diffusion_manifest,real_plus_ungated,1,2,blue_x,0.4264705882352941,0.18125,0.25438596491228066,160
real_diffusion_manifest_utility_gate_sanity_check,procedural_real_plus_real_diffusion_manifest,real_plus_ungated,1,3,yellow_triangle,0.2846975088967972,1.0,0.443213296398892,160
real_diffusion_manifest_utility_gate_sanity_check,procedural_real_plus_real_diffusion_manifest,real_plus_ungated,1,4,purple_diamond,1.0,0.05,0.09523809523809523,160
real_diffusion_manifest_utility_gate_sanity_check,procedural_real_plus_real_diffusion_manifest,real_plus_gated,1,0,red_square,0.9090909090909091,1.0,0.9523809523809523,160
real_diffusion_manifest_utility_gate_sanity_check,procedural_real_plus_real_diffusion_manifest,real_plus_gated,1,1,green_circle,0.8602150537634409,1.0,0.9248554913294798,160
real_diffusion_manifest_utility_gate_sanity_check,procedural_real_plus_real_diffusion_manifest,real_plus_gated,1,2,blue_x,0.4866666666666667,0.9125,0.6347826086956522,160
real_diffusion_manifest_utility_gate_sanity_check,procedural_real_plus_real_diffusion_manifest,real_plus_gated,1,3,yellow_triangle,0.9927007299270073,0.85,0.9158249158249159,160
real_diffusion_manifest_utility_gate_sanity_check,procedural_real_plus_real_diffusion_manifest,real_plus_gated,1,4,purple_diamond,1.0,0.00625,0.012422360248447204,160
real_diffusion_manifest_utility_gate_sanity_check,procedural_real_plus_real_diffusion_manifest,real_only,2,0,red_square,0.7398843930635838,0.8,0.7687687687687689,160
real_diffusion_manifest_utility_gate_sanity_check,procedural_real_plus_real_diffusion_manifest,real_only,2,1,green_circle,0.6813725490196079,0.86875,0.7637362637362637,160
real_diffusion_manifest_utility_gate_sanity_check,procedural_real_plus_real_diffusion_manifest,real_only,2,2,blue_x,0.5942028985507246,0.5125,0.5503355704697986,160
real_diffusion_manifest_utility_gate_sanity_check,procedural_real_plus_real_diffusion_manifest,real_only,2,3,yellow_triangle,0.7902097902097902,0.70625,0.745874587458746,160
real_diffusion_manifest_utility_gate_sanity_check,procedural_real_plus_real_diffusion_manifest,real_only,2,4,purple_diamond,0.8098591549295775,0.71875,0.76158940397351,160
real_diffusion_manifest_utility_gate_sanity_check,procedural_real_plus_real_diffusion_manifest,real_plus_ungated,2,0,red_square,0.7183098591549296,0.95625,0.8203753351206435,160
real_diffusion_manifest_utility_gate_sanity_check,procedural_real_plus_real_diffusion_manifest,real_plus_ungated,2,1,green_circle,0.9583333333333334,0.14375,0.25,160
real_diffusion_manifest_utility_gate_sanity_check,procedural_real_plus_real_diffusion_manifest,real_plus_ungated,2,2,blue_x,0.4742268041237113,0.2875,0.35797665369649806,160
real_diffusion_manifest_utility_gate_sanity_check,procedural_real_plus_real_diffusion_manifest,real_plus_ungated,2,3,yellow_triangle,0.34120171673819744,0.99375,0.5079872204472844,160
real_diffusion_manifest_utility_gate_sanity_check,procedural_real_plus_real_diffusion_manifest,real_plus_ungated,2,4,purple_diamond,0.0,0.0,0.0,160
real_diffusion_manifest_utility_gate_sanity_check,procedural_real_plus_real_diffusion_manifest,real_plus_gated,2,0,red_square,0.8153846153846154,0.99375,0.895774647887324,160
real_diffusion_manifest_utility_gate_sanity_check,procedural_real_plus_real_diffusion_manifest,real_plus_gated,2,1,green_circle,0.8626373626373627,0.98125,0.9181286549707602,160
real_diffusion_manifest_utility_gate_sanity_check,procedural_real_plus_real_diffusion_manifest,real_plus_gated,2,2,blue_x,0.5141843971631206,0.90625,0.6561085972850679,160
real_diffusion_manifest_utility_gate_sanity_check,procedural_real_plus_real_diffusion_manifest,real_plus_gated,2,3,yellow_triangle,0.9929078014184397,0.875,0.9302325581395348,160
real_diffusion_manifest_utility_gate_sanity_check,procedural_real_plus_real_diffusion_manifest,real_plus_gated,2,4,purple_diamond,0.0,0.0,0.0,160
