path,label,label_source,generator_id,prompt,negative_prompt,seed,sampler_name,scheduler,steps,cfg,width,height,comfy_prompt_id,comfy_filename,comfy_subfolder,comfy_type
images/red_square_000_seed20260528.png,red_square,prompt_direct,DreamShaper8_modelscope_Yntec_dreamshaper_8.safetensors,"a single centered red square icon on a plain dark neutral background, flat vector style, simple geometric shape, no text","text, watermark, signature, logo, cropped, blurry, low quality, distorted shape, multiple objects, cluttered background, photorealistic person, animal",20260528,euler,normal,16,7.0,512,512,035d43d4-2f7f-428e-a320-f2a7408d61fe,red_square_000_seed20260528_00001_.png,ivc_real_diffusion,output
images/red_square_001_seed20260529.png,red_square,prompt_direct,DreamShaper8_modelscope_Yntec_dreamshaper_8.safetensors,"a single centered red square icon on a plain dark neutral background, flat vector style, simple geometric shape, no text","text, watermark, signature, logo, cropped, blurry, low quality, distorted shape, multiple objects, cluttered background, photorealistic person, animal",20260529,euler,normal,16,7.0,512,512,7d05a99e-72db-46eb-a9a4-3fdd16eb1749,red_square_001_seed20260529_00001_.png,ivc_real_diffusion,output
images/red_square_002_seed20260530.png,red_square,prompt_direct,DreamShaper8_modelscope_Yntec_dreamshaper_8.safetensors,"a single centered red square icon on a plain dark neutral background, flat vector style, simple geometric shape, no text","text, watermark, signature, logo, cropped, blurry, low quality, distorted shape, multiple objects, cluttered background, photorealistic person, animal",20260530,euler,normal,16,7.0,512,512,33a99f09-8c98-4ade-84a6-1a99e55b978f,red_square_002_seed20260530_00001_.png,ivc_real_diffusion,output
images/red_square_003_seed20260531.png,red_square,prompt_direct,DreamShaper8_modelscope_Yntec_dreamshaper_8.safetensors,"a single centered red square icon on a plain dark neutral background, flat vector style, simple geometric shape, no text","text, watermark, signature, logo, cropped, blurry, low quality, distorted shape, multiple objects, cluttered background, photorealistic person, animal",20260531,euler,normal,16,7.0,512,512,2afadaf8-cae7-4a64-81ac-ab41584992b6,red_square_003_seed20260531_00001_.png,ivc_real_diffusion,output
images/red_square_004_seed20260532.png,red_square,prompt_direct,DreamShaper8_modelscope_Yntec_dreamshaper_8.safetensors,"a single centered red square icon on a plain dark neutral background, flat vector style, simple geometric shape, no text","text, watermark, signature, logo, cropped, blurry, low quality, distorted shape, multiple objects, cluttered background, photorealistic person, animal",20260532,euler,normal,16,7.0,512,512,a38375ee-a680-475f-a099-3587d6a8622a,red_square_004_seed20260532_00001_.png,ivc_real_diffusion,output
images/red_square_005_seed20260533.png,red_square,prompt_direct,DreamShaper8_modelscope_Yntec_dreamshaper_8.safetensors,"a single centered red square icon on a plain dark neutral background, flat vector style, simple geometric shape, no text","text, watermark, signature, logo, cropped, blurry, low quality, distorted shape, multiple objects, cluttered background, photorealistic person, animal",20260533,euler,normal,16,7.0,512,512,9b2d49b6-ccd8-49bf-b6d7-90eb0c8fcdab,red_square_005_seed20260533_00001_.png,ivc_real_diffusion,output
images/green_circle_000_seed20261528.png,green_circle,prompt_direct,DreamShaper8_modelscope_Yntec_dreamshaper_8.safetensors,"a single centered green circle icon on a plain dark neutral background, flat vector style, simple geometric shape, no text","text, watermark, signature, logo, cropped, blurry, low quality, distorted shape, multiple objects, cluttered background, photorealistic person, animal",20261528,euler,normal,16,7.0,512,512,3c6e046f-b5f2-4dcb-a792-82f2f246b89e,green_circle_000_seed20261528_00001_.png,ivc_real_diffusion,output
images/green_circle_001_seed20261529.png,green_circle,prompt_direct,DreamShaper8_modelscope_Yntec_dreamshaper_8.safetensors,"a single centered green circle icon on a plain dark neutral background, flat vector style, simple geometric shape, no text","text, watermark, signature, logo, cropped, blurry, low quality, distorted shape, multiple objects, cluttered background, photorealistic person, animal",20261529,euler,normal,16,7.0,512,512,d02ebe57-fcff-4195-bc74-aac1e7f1dca0,green_circle_001_seed20261529_00001_.png,ivc_real_diffusion,output
images/green_circle_002_seed20261530.png,green_circle,prompt_direct,DreamShaper8_modelscope_Yntec_dreamshaper_8.safetensors,"a single centered green circle icon on a plain dark neutral background, flat vector style, simple geometric shape, no text","text, watermark, signature, logo, cropped, blurry, low quality, distorted shape, multiple objects, cluttered background, photorealistic person, animal",20261530,euler,normal,16,7.0,512,512,daa0de54-457c-41c8-bb3b-eef73d314791,green_circle_002_seed20261530_00001_.png,ivc_real_diffusion,output
images/green_circle_003_seed20261531.png,green_circle,prompt_direct,DreamShaper8_modelscope_Yntec_dreamshaper_8.safetensors,"a single centered green circle icon on a plain dark neutral background, flat vector style, simple geometric shape, no text","text, watermark, signature, logo, cropped, blurry, low quality, distorted shape, multiple objects, cluttered background, photorealistic person, animal",20261531,euler,normal,16,7.0,512,512,53d42e37-4ca1-47a4-b0bc-c101eccf0fce,green_circle_003_seed20261531_00001_.png,ivc_real_diffusion,output
images/green_circle_004_seed20261532.png,green_circle,prompt_direct,DreamShaper8_modelscope_Yntec_dreamshaper_8.safetensors,"a single centered green circle icon on a plain dark neutral background, flat vector style, simple geometric shape, no text","text, watermark, signature, logo, cropped, blurry, low quality, distorted shape, multiple objects, cluttered background, photorealistic person, animal",20261532,euler,normal,16,7.0,512,512,4f3936ab-9582-4195-addd-6aa4e4d7db64,green_circle_004_seed20261532_00001_.png,ivc_real_diffusion,output
images/green_circle_005_seed20261533.png,green_circle,prompt_direct,DreamShaper8_modelscope_Yntec_dreamshaper_8.safetensors,"a single centered green circle icon on a plain dark neutral background, flat vector style, simple geometric shape, no text","text, watermark, signature, logo, cropped, blurry, low quality, distorted shape, multiple objects, cluttered background, photorealistic person, animal",20261533,euler,normal,16,7.0,512,512,0e6359cc-b2bb-4e83-8ed9-385fc4a6ea87,green_circle_005_seed20261533_00001_.png,ivc_real_diffusion,output
images/blue_x_000_seed20262528.png,blue_x,prompt_direct,DreamShaper8_modelscope_Yntec_dreamshaper_8.safetensors,"a single centered blue X mark icon on a plain dark neutral background, flat vector style, simple geometric shape, no text","text, watermark, signature, logo, cropped, blurry, low quality, distorted shape, multiple objects, cluttered background, photorealistic person, animal",20262528,euler,normal,16,7.0,512,512,43124f58-7e45-40e1-9d35-53f984aed8d2,blue_x_000_seed20262528_00001_.png,ivc_real_diffusion,output
images/blue_x_001_seed20262529.png,blue_x,prompt_direct,DreamShaper8_modelscope_Yntec_dreamshaper_8.safetensors,"a single centered blue X mark icon on a plain dark neutral background, flat vector style, simple geometric shape, no text","text, watermark, signature, logo, cropped, blurry, low quality, distorted shape, multiple objects, cluttered background, photorealistic person, animal",20262529,euler,normal,16,7.0,512,512,628c3d0c-3042-448b-99c0-620067e5dfaf,blue_x_001_seed20262529_00001_.png,ivc_real_diffusion,output
images/blue_x_002_seed20262530.png,blue_x,prompt_direct,DreamShaper8_modelscope_Yntec_dreamshaper_8.safetensors,"a single centered blue X mark icon on a plain dark neutral background, flat vector style, simple geometric shape, no text","text, watermark, signature, logo, cropped, blurry, low quality, distorted shape, multiple objects, cluttered background, photorealistic person, animal",20262530,euler,normal,16,7.0,512,512,8e9bcb5b-7469-46f2-8b0d-9bb60287934c,blue_x_002_seed20262530_00001_.png,ivc_real_diffusion,output
images/blue_x_003_seed20262531.png,blue_x,prompt_direct,DreamShaper8_modelscope_Yntec_dreamshaper_8.safetensors,"a single centered blue X mark icon on a plain dark neutral background, flat vector style, simple geometric shape, no text","text, watermark, signature, logo, cropped, blurry, low quality, distorted shape, multiple objects, cluttered background, photorealistic person, animal",20262531,euler,normal,16,7.0,512,512,a3a7a560-7d55-4203-9f11-6abb70d7b669,blue_x_003_seed20262531_00001_.png,ivc_real_diffusion,output
images/blue_x_004_seed20262532.png,blue_x,prompt_direct,DreamShaper8_modelscope_Yntec_dreamshaper_8.safetensors,"a single centered blue X mark icon on a plain dark neutral background, flat vector style, simple geometric shape, no text","text, watermark, signature, logo, cropped, blurry, low quality, distorted shape, multiple objects, cluttered background, photorealistic person, animal",20262532,euler,normal,16,7.0,512,512,859b66c4-5612-4a21-a73f-0d49fc3b87d8,blue_x_004_seed20262532_00001_.png,ivc_real_diffusion,output
images/blue_x_005_seed20262533.png,blue_x,prompt_direct,DreamShaper8_modelscope_Yntec_dreamshaper_8.safetensors,"a single centered blue X mark icon on a plain dark neutral background, flat vector style, simple geometric shape, no text","text, watermark, signature, logo, cropped, blurry, low quality, distorted shape, multiple objects, cluttered background, photorealistic person, animal",20262533,euler,normal,16,7.0,512,512,3c16511a-3128-4f4d-8bef-b5534108bc3c,blue_x_005_seed20262533_00001_.png,ivc_real_diffusion,output
images/yellow_triangle_000_seed20263528.png,yellow_triangle,prompt_direct,DreamShaper8_modelscope_Yntec_dreamshaper_8.safetensors,"a single centered yellow triangle icon on a plain dark neutral background, flat vector style, simple geometric shape, no text","text, watermark, signature, logo, cropped, blurry, low quality, distorted shape, multiple objects, cluttered background, photorealistic person, animal",20263528,euler,normal,16,7.0,512,512,ec358ead-8733-433a-901d-8d70611ab31c,yellow_triangle_000_seed20263528_00001_.png,ivc_real_diffusion,output
images/yellow_triangle_001_seed20263529.png,yellow_triangle,prompt_direct,DreamShaper8_modelscope_Yntec_dreamshaper_8.safetensors,"a single centered yellow triangle icon on a plain dark neutral background, flat vector style, simple geometric shape, no text","text, watermark, signature, logo, cropped, blurry, low quality, distorted shape, multiple objects, cluttered background, photorealistic person, animal",20263529,euler,normal,16,7.0,512,512,2a275298-babe-491c-815c-896a33244c11,yellow_triangle_001_seed20263529_00001_.png,ivc_real_diffusion,output
images/yellow_triangle_002_seed20263530.png,yellow_triangle,prompt_direct,DreamShaper8_modelscope_Yntec_dreamshaper_8.safetensors,"a single centered yellow triangle icon on a plain dark neutral background, flat vector style, simple geometric shape, no text","text, watermark, signature, logo, cropped, blurry, low quality, distorted shape, multiple objects, cluttered background, photorealistic person, animal",20263530,euler,normal,16,7.0,512,512,0f9de58f-9c17-42f0-8404-c08b1a433f6b,yellow_triangle_002_seed20263530_00001_.png,ivc_real_diffusion,output
images/yellow_triangle_003_seed20263531.png,yellow_triangle,prompt_direct,DreamShaper8_modelscope_Yntec_dreamshaper_8.safetensors,"a single centered yellow triangle icon on a plain dark neutral background, flat vector style, simple geometric shape, no text","text, watermark, signature, logo, cropped, blurry, low quality, distorted shape, multiple objects, cluttered background, photorealistic person, animal",20263531,euler,normal,16,7.0,512,512,38659ab2-a5b0-4ae6-9d0c-83c00fd75853,yellow_triangle_003_seed20263531_00001_.png,ivc_real_diffusion,output
images/yellow_triangle_004_seed20263532.png,yellow_triangle,prompt_direct,DreamShaper8_modelscope_Yntec_dreamshaper_8.safetensors,"a single centered yellow triangle icon on a plain dark neutral background, flat vector style, simple geometric shape, no text","text, watermark, signature, logo, cropped, blurry, low quality, distorted shape, multiple objects, cluttered background, photorealistic person, animal",20263532,euler,normal,16,7.0,512,512,2c36f3a6-16c9-43ed-b9ad-30b1ba482cb5,yellow_triangle_004_seed20263532_00001_.png,ivc_real_diffusion,output
images/yellow_triangle_005_seed20263533.png,yellow_triangle,prompt_direct,DreamShaper8_modelscope_Yntec_dreamshaper_8.safetensors,"a single centered yellow triangle icon on a plain dark neutral background, flat vector style, simple geometric shape, no text","text, watermark, signature, logo, cropped, blurry, low quality, distorted shape, multiple objects, cluttered background, photorealistic person, animal",20263533,euler,normal,16,7.0,512,512,225b25f5-86e5-453d-a56d-ed80ae0ec191,yellow_triangle_005_seed20263533_00001_.png,ivc_real_diffusion,output
images/purple_diamond_000_seed20264528.png,purple_diamond,prompt_direct,DreamShaper8_modelscope_Yntec_dreamshaper_8.safetensors,"a single centered purple diamond icon on a plain dark neutral background, flat vector style, simple geometric shape, no text","text, watermark, signature, logo, cropped, blurry, low quality, distorted shape, multiple objects, cluttered background, photorealistic person, animal",20264528,euler,normal,16,7.0,512,512,cabf0698-8a6c-4012-b1a6-e28880447dbd,purple_diamond_000_seed20264528_00001_.png,ivc_real_diffusion,output
images/purple_diamond_001_seed20264529.png,purple_diamond,prompt_direct,DreamShaper8_modelscope_Yntec_dreamshaper_8.safetensors,"a single centered purple diamond icon on a plain dark neutral background, flat vector style, simple geometric shape, no text","text, watermark, signature, logo, cropped, blurry, low quality, distorted shape, multiple objects, cluttered background, photorealistic person, animal",20264529,euler,normal,16,7.0,512,512,f8357832-6ea5-4cbc-a0d4-5bc356515363,purple_diamond_001_seed20264529_00001_.png,ivc_real_diffusion,output
images/purple_diamond_002_seed20264530.png,purple_diamond,prompt_direct,DreamShaper8_modelscope_Yntec_dreamshaper_8.safetensors,"a single centered purple diamond icon on a plain dark neutral background, flat vector style, simple geometric shape, no text","text, watermark, signature, logo, cropped, blurry, low quality, distorted shape, multiple objects, cluttered background, photorealistic person, animal",20264530,euler,normal,16,7.0,512,512,340449c8-0b2f-4c62-a492-82c1f487c8c4,purple_diamond_002_seed20264530_00001_.png,ivc_real_diffusion,output
images/purple_diamond_003_seed20264531.png,purple_diamond,prompt_direct,DreamShaper8_modelscope_Yntec_dreamshaper_8.safetensors,"a single centered purple diamond icon on a plain dark neutral background, flat vector style, simple geometric shape, no text","text, watermark, signature, logo, cropped, blurry, low quality, distorted shape, multiple objects, cluttered background, photorealistic person, animal",20264531,euler,normal,16,7.0,512,512,4bfe51ba-4116-43c7-9a92-59042207cafa,purple_diamond_003_seed20264531_00001_.png,ivc_real_diffusion,output
images/purple_diamond_004_seed20264532.png,purple_diamond,prompt_direct,DreamShaper8_modelscope_Yntec_dreamshaper_8.safetensors,"a single centered purple diamond icon on a plain dark neutral background, flat vector style, simple geometric shape, no text","text, watermark, signature, logo, cropped, blurry, low quality, distorted shape, multiple objects, cluttered background, photorealistic person, animal",20264532,euler,normal,16,7.0,512,512,341a3250-f462-4f0d-8a9e-c1531448448e,purple_diamond_004_seed20264532_00001_.png,ivc_real_diffusion,output
images/purple_diamond_005_seed20264533.png,purple_diamond,prompt_direct,DreamShaper8_modelscope_Yntec_dreamshaper_8.safetensors,"a single centered purple diamond icon on a plain dark neutral background, flat vector style, simple geometric shape, no text","text, watermark, signature, logo, cropped, blurry, low quality, distorted shape, multiple objects, cluttered background, photorealistic person, animal",20264533,euler,normal,16,7.0,512,512,94f2000b-79b7-42b0-8512-ef2b83070ee5,purple_diamond_005_seed20264533_00001_.png,ivc_real_diffusion,output
